templates_alignfile	target_chainseq	targetid
examples/pdz/alignments/2i0l_templates.tsv	EIKLIKGPKGLGFSIAGGVGNQHIPGDNSIYVTKIIEGGAAHKDGKLQIGDKLLAVNSVCLEEVTHEEAVTALKNTSDFVYLK/NHATPA	2i0l_b0_r0
examples/pdz/alignments/2i0l_templates.tsv	EIKLIKGPKGLGFSIAGGVGNQHIPGDNSIYVTKIIEGGAAHKDGKLQIGDKLLAVNSVCLEEVTHEEAVTALKNTSDFVYLK/SRCNPT	2i0l_b0_r1
examples/pdz/alignments/2i0l_templates.tsv	EIKLIKGPKGLGFSIAGGVGNQHIPGDNSIYVTKIIEGGAAHKDGKLQIGDKLLAVNSVCLEEVTHEEAVTALKNTSDFVYLK/KKGAKQ	2i0l_b0_r2
examples/pdz/alignments/2i0l_templates.tsv	EIKLIKGPKGLGFSIAGGVGNQHIPGDNSIYVTKIIEGGAAHKDGKLQIGDKLLAVNSVCLEEVTHEEAVTALKNTSDFVYLK/DYLFGP	2i0l_b0_r3
examples/pdz/alignments/2i0l_templates.tsv	EIKLIKGPKGLGFSIAGGVGNQHIPGDNSIYVTKIIEGGAAHKDGKLQIGDKLLAVNSVCLEEVTHEEAVTALKNTSDFVYLK/DDFRSN	2i0l_b0_r4
examples/pdz/alignments/2i0l_templates.tsv	EIKLIKGPKGLGFSIAGGVGNQHIPGDNSIYVTKIIEGGAAHKDGKLQIGDKLLAVNSVCLEEVTHEEAVTALKNTSDFVYLK/DIMTIA	2i0l_b0_r5
examples/pdz/alignments/2i0l_templates.tsv	EIKLIKGPKGLGFSIAGGVGNQHIPGDNSIYVTKIIEGGAAHKDGKLQIGDKLLAVNSVCLEEVTHEEAVTALKNTSDFVYLK/VVLGLM	2i0l_b0_r6
examples/pdz/alignments/2i0l_templates.tsv	EIKLIKGPKGLGFSIAGGVGNQHIPGDNSIYVTKIIEGGAAHKDGKLQIGDKLLAVNSVCLEEVTHEEAVTALKNTSDFVYLK/RADCSK	2i0l_b0_r7
examples/pdz/alignments/2i0l_templates.tsv	EIKLIKGPKGLGFSIAGGVGNQHIPGDNSIYVTKIIEGGAAHKDGKLQIGDKLLAVNSVCLEEVTHEEAVTALKNTSDFVYLK/TRRCPY	2i0l_b0_r8
examples/pdz/alignments/2i0l_templates.tsv	EIKLIKGPKGLGFSIAGGVGNQHIPGDNSIYVTKIIEGGAAHKDGKLQIGDKLLAVNSVCLEEVTHEEAVTALKNTSDFVYLK/VVSRTT	2i0l_b0_r9
examples/pdz/alignments/1tp5_templates.tsv	FLGEEDIPREPRRIVIHRGSTGLGFNIVGGEDGEGIFISFILAGGPADLSGELRKGDQILSVNGVDLRNASHEQAAIALKNAGQTVTIIAQYKPEEYSRFEANSRVDSSGRIVTD/GRSSPV	1tp5_b0_r0
examples/pdz/alignments/1tp5_templates.tsv	FLGEEDIPREPRRIVIHRGSTGLGFNIVGGEDGEGIFISFILAGGPADLSGELRKGDQILSVNGVDLRNASHEQAAIALKNAGQTVTIIAQYKPEEYSRFEANSRVDSSGRIVTD/KTPRCG	1tp5_b0_r1
examples/pdz/alignments/1tp5_templates.tsv	FLGEEDIPREPRRIVIHRGSTGLGFNIVGGEDGEGIFISFILAGGPADLSGELRKGDQILSVNGVDLRNASHEQAAIALKNAGQTVTIIAQYKPEEYSRFEANSRVDSSGRIVTD/INLMVS	1tp5_b0_r2
examples/pdz/alignments/1tp5_templates.tsv	FLGEEDIPREPRRIVIHRGSTGLGFNIVGGEDGEGIFISFILAGGPADLSGELRKGDQILSVNGVDLRNASHEQAAIALKNAGQTVTIIAQYKPEEYSRFEANSRVDSSGRIVTD/LQPTWA	1tp5_b0_r3
examples/pdz/alignments/1tp5_templates.tsv	FLGEEDIPREPRRIVIHRGSTGLGFNIVGGEDGEGIFISFILAGGPADLSGELRKGDQILSVNGVDLRNASHEQAAIALKNAGQTVTIIAQYKPEEYSRFEANSRVDSSGRIVTD/LVGADH	1tp5_b0_r4
examples/pdz/alignments/1tp5_templates.tsv	FLGEEDIPREPRRIVIHRGSTGLGFNIVGGEDGEGIFISFILAGGPADLSGELRKGDQILSVNGVDLRNASHEQAAIALKNAGQTVTIIAQYKPEEYSRFEANSRVDSSGRIVTD/PSATSG	1tp5_b0_r5
examples/pdz/alignments/1tp5_templates.tsv	FLGEEDIPREPRRIVIHRGSTGLGFNIVGGEDGEGIFISFILAGGPADLSGELRKGDQILSVNGVDLRNASHEQAAIALKNAGQTVTIIAQYKPEEYSRFEANSRVDSSGRIVTD/LRNNLN	1tp5_b0_r6
examples/pdz/alignments/1tp5_templates.tsv	FLGEEDIPREPRRIVIHRGSTGLGFNIVGGEDGEGIFISFILAGGPADLSGELRKGDQILSVNGVDLRNASHEQAAIALKNAGQTVTIIAQYKPEEYSRFEANSRVDSSGRIVTD/WWRLGN	1tp5_b0_r7
examples/pdz/alignments/1tp5_templates.tsv	FLGEEDIPREPRRIVIHRGSTGLGFNIVGGEDGEGIFISFILAGGPADLSGELRKGDQILSVNGVDLRNASHEQAAIALKNAGQTVTIIAQYKPEEYSRFEANSRVDSSGRIVTD/TVRLPN	1tp5_b0_r8
examples/pdz/alignments/1tp5_templates.tsv	FLGEEDIPREPRRIVIHRGSTGLGFNIVGGEDGEGIFISFILAGGPADLSGELRKGDQILSVNGVDLRNASHEQAAIALKNAGQTVTIIAQYKPEEYSRFEANSRVDSSGRIVTD/TILRKS	1tp5_b0_r9
examples/pdz/alignments/2h2b_templates.tsv	GSHMIWEQHTVTLHRAPGFGFGIAISGGRDNPHFQSGETSIVISDVLKGGPAEGQLQENDRVAMVNGVSMDNVEHAFAVQQLRKSGKNAKITIRRKKGGGWRRTTYL/PVTGYRL	2h2b_b0_r0
examples/pdz/alignments/2h2b_templates.tsv	GSHMIWEQHTVTLHRAPGFGFGIAISGGRDNPHFQSGETSIVISDVLKGGPAEGQLQENDRVAMVNGVSMDNVEHAFAVQQLRKSGKNAKITIRRKKGGGWRRTTYL/NGTRTMF	2h2b_b0_r1
examples/pdz/alignments/2h2b_templates.tsv	GSHMIWEQHTVTLHRAPGFGFGIAISGGRDNPHFQSGETSIVISDVLKGGPAEGQLQENDRVAMVNGVSMDNVEHAFAVQQLRKSGKNAKITIRRKKGGGWRRTTYL/HKLTRGC	2h2b_b0_r2
examples/pdz/alignments/2h2b_templates.tsv	GSHMIWEQHTVTLHRAPGFGFGIAISGGRDNPHFQSGETSIVISDVLKGGPAEGQLQENDRVAMVNGVSMDNVEHAFAVQQLRKSGKNAKITIRRKKGGGWRRTTYL/QLGSLVL	2h2b_b0_r3
examples/pdz/alignments/2h2b_templates.tsv	GSHMIWEQHTVTLHRAPGFGFGIAISGGRDNPHFQSGETSIVISDVLKGGPAEGQLQENDRVAMVNGVSMDNVEHAFAVQQLRKSGKNAKITIRRKKGGGWRRTTYL/QGRLRIA	2h2b_b0_r4
examples/pdz/alignments/2h2b_templates.tsv	GSHMIWEQHTVTLHRAPGFGFGIAISGGRDNPHFQSGETSIVISDVLKGGPAEGQLQENDRVAMVNGVSMDNVEHAFAVQQLRKSGKNAKITIRRKKGGGWRRTTYL/NPPDLRL	2h2b_b0_r5
examples/pdz/alignments/2h2b_templates.tsv	GSHMIWEQHTVTLHRAPGFGFGIAISGGRDNPHFQSGETSIVISDVLKGGPAEGQLQENDRVAMVNGVSMDNVEHAFAVQQLRKSGKNAKITIRRKKGGGWRRTTYL/EGRMPGF	2h2b_b0_r6
examples/pdz/alignments/2h2b_templates.tsv	GSHMIWEQHTVTLHRAPGFGFGIAISGGRDNPHFQSGETSIVISDVLKGGPAEGQLQENDRVAMVNGVSMDNVEHAFAVQQLRKSGKNAKITIRRKKGGGWRRTTYL/MARKSDW	2h2b_b0_r7
examples/pdz/alignments/2h2b_templates.tsv	GSHMIWEQHTVTLHRAPGFGFGIAISGGRDNPHFQSGETSIVISDVLKGGPAEGQLQENDRVAMVNGVSMDNVEHAFAVQQLRKSGKNAKITIRRKKGGGWRRTTYL/VSRCAMS	2h2b_b0_r8
examples/pdz/alignments/2h2b_templates.tsv	GSHMIWEQHTVTLHRAPGFGFGIAISGGRDNPHFQSGETSIVISDVLKGGPAEGQLQENDRVAMVNGVSMDNVEHAFAVQQLRKSGKNAKITIRRKKGGGWRRTTYL/ITLTNNV	2h2b_b0_r9
examples/pdz/alignments/2he4_templates.tsv	SMLRPRLCHLRKGPQGYGFNLHSDKSRPGQYIRSVDPGSPAARSGLRAQDRLIEVNGQNVEGLRHAEVVASIKAREDEARLLVVGPSTRL/ATRSSDR	2he4_b0_r0
examples/pdz/alignments/2he4_templates.tsv	SMLRPRLCHLRKGPQGYGFNLHSDKSRPGQYIRSVDPGSPAARSGLRAQDRLIEVNGQNVEGLRHAEVVASIKAREDEARLLVVGPSTRL/GEDIYLG	2he4_b0_r1
examples/pdz/alignments/2he4_templates.tsv	SMLRPRLCHLRKGPQGYGFNLHSDKSRPGQYIRSVDPGSPAARSGLRAQDRLIEVNGQNVEGLRHAEVVASIKAREDEARLLVVGPSTRL/LMFNDSD	2he4_b0_r2
examples/pdz/alignments/2he4_templates.tsv	SMLRPRLCHLRKGPQGYGFNLHSDKSRPGQYIRSVDPGSPAARSGLRAQDRLIEVNGQNVEGLRHAEVVASIKAREDEARLLVVGPSTRL/PNEVGRI	2he4_b0_r3
examples/pdz/alignments/2he4_templates.tsv	SMLRPRLCHLRKGPQGYGFNLHSDKSRPGQYIRSVDPGSPAARSGLRAQDRLIEVNGQNVEGLRHAEVVASIKAREDEARLLVVGPSTRL/GWMAATI	2he4_b0_r4
examples/pdz/alignments/2he4_templates.tsv	SMLRPRLCHLRKGPQGYGFNLHSDKSRPGQYIRSVDPGSPAARSGLRAQDRLIEVNGQNVEGLRHAEVVASIKAREDEARLLVVGPSTRL/VLKLSFG	2he4_b0_r5
examples/pdz/alignments/2he4_templates.tsv	SMLRPRLCHLRKGPQGYGFNLHSDKSRPGQYIRSVDPGSPAARSGLRAQDRLIEVNGQNVEGLRHAEVVASIKAREDEARLLVVGPSTRL/EPCVTAK	2he4_b0_r6
examples/pdz/alignments/2he4_templates.tsv	SMLRPRLCHLRKGPQGYGFNLHSDKSRPGQYIRSVDPGSPAARSGLRAQDRLIEVNGQNVEGLRHAEVVASIKAREDEARLLVVGPSTRL/GTGRTDL	2he4_b0_r7
examples/pdz/alignments/2he4_templates.tsv	SMLRPRLCHLRKGPQGYGFNLHSDKSRPGQYIRSVDPGSPAARSGLRAQDRLIEVNGQNVEGLRHAEVVASIKAREDEARLLVVGPSTRL/PAEQWPF	2he4_b0_r8
examples/pdz/alignments/2he4_templates.tsv	SMLRPRLCHLRKGPQGYGFNLHSDKSRPGQYIRSVDPGSPAARSGLRAQDRLIEVNGQNVEGLRHAEVVASIKAREDEARLLVVGPSTRL/VCSLAKG	2he4_b0_r9
examples/pdz/alignments/1n7t_templates.tsv	GSHMGHELAKQEIRVRVEKDPELGFSISGGVGGRGNPFRPDDDGIFVTRVQPEGPASKLLQPGDKIIQANGYSFINIEHGQAVSLLKTFQNTVELIIVREVSS/RAKFLSA	1n7t_b0_r0
examples/pdz/alignments/1n7t_templates.tsv	GSHMGHELAKQEIRVRVEKDPELGFSISGGVGGRGNPFRPDDDGIFVTRVQPEGPASKLLQPGDKIIQANGYSFINIEHGQAVSLLKTFQNTVELIIVREVSS/PRLMAPV	1n7t_b0_r1
examples/pdz/alignments/1n7t_templates.tsv	GSHMGHELAKQEIRVRVEKDPELGFSISGGVGGRGNPFRPDDDGIFVTRVQPEGPASKLLQPGDKIIQANGYSFINIEHGQAVSLLKTFQNTVELIIVREVSS/DTLTSAT	1n7t_b0_r2
examples/pdz/alignments/1n7t_templates.tsv	GSHMGHELAKQEIRVRVEKDPELGFSISGGVGGRGNPFRPDDDGIFVTRVQPEGPASKLLQPGDKIIQANGYSFINIEHGQAVSLLKTFQNTVELIIVREVSS/IGLEGTE	1n7t_b0_r3
examples/pdz/alignments/1n7t_templates.tsv	GSHMGHELAKQEIRVRVEKDPELGFSISGGVGGRGNPFRPDDDGIFVTRVQPEGPASKLLQPGDKIIQANGYSFINIEHGQAVSLLKTFQNTVELIIVREVSS/VGRWLNW	1n7t_b0_r4
examples/pdz/alignments/1n7t_templates.tsv	GSHMGHELAKQEIRVRVEKDPELGFSISGGVGGRGNPFRPDDDGIFVTRVQPEGPASKLLQPGDKIIQANGYSFINIEHGQAVSLLKTFQNTVELIIVREVSS/LATRREL	1n7t_b0_r5
examples/pdz/alignments/1n7t_templates.tsv	GSHMGHELAKQEIRVRVEKDPELGFSISGGVGGRGNPFRPDDDGIFVTRVQPEGPASKLLQPGDKIIQANGYSFINIEHGQAVSLLKTFQNTVELIIVREVSS/PCTHVRE	1n7t_b0_r6
examples/pdz/alignments/1n7t_templates.tsv	GSHMGHELAKQEIRVRVEKDPELGFSISGGVGGRGNPFRPDDDGIFVTRVQPEGPASKLLQPGDKIIQANGYSFINIEHGQAVSLLKTFQNTVELIIVREVSS/SFSSWRQ	1n7t_b0_r7
examples/pdz/alignments/1n7t_templates.tsv	GSHMGHELAKQEIRVRVEKDPELGFSISGGVGGRGNPFRPDDDGIFVTRVQPEGPASKLLQPGDKIIQANGYSFINIEHGQAVSLLKTFQNTVELIIVREVSS/VLLLWRR	1n7t_b0_r8
examples/pdz/alignments/1n7t_templates.tsv	GSHMGHELAKQEIRVRVEKDPELGFSISGGVGGRGNPFRPDDDGIFVTRVQPEGPASKLLQPGDKIIQANGYSFINIEHGQAVSLLKTFQNTVELIIVREVSS/TAVSRYF	1n7t_b0_r9
examples/pdz/alignments/2he2_templates.tsv	SMEPRKVVLHKGSTGLGFNIVGGEDGEGIFVSFILAGGPADLSGELQRGDQILSVNGIDLRGASHEQAAAALKGAGQTVTIIAQYQPEDYARFEAKIHETSV/SYQGNGL	2he2_b0_r0
examples/pdz/alignments/2he2_templates.tsv	SMEPRKVVLHKGSTGLGFNIVGGEDGEGIFVSFILAGGPADLSGELQRGDQILSVNGIDLRGASHEQAAAALKGAGQTVTIIAQYQPEDYARFEAKIHETSV/GMKVPAS	2he2_b0_r1
examples/pdz/alignments/2he2_templates.tsv	SMEPRKVVLHKGSTGLGFNIVGGEDGEGIFVSFILAGGPADLSGELQRGDQILSVNGIDLRGASHEQAAAALKGAGQTVTIIAQYQPEDYARFEAKIHETSV/TSPGGKH	2he2_b0_r2
examples/pdz/alignments/2he2_templates.tsv	SMEPRKVVLHKGSTGLGFNIVGGEDGEGIFVSFILAGGPADLSGELQRGDQILSVNGIDLRGASHEQAAAALKGAGQTVTIIAQYQPEDYARFEAKIHETSV/AQAKIVR	2he2_b0_r3
examples/pdz/alignments/2he2_templates.tsv	SMEPRKVVLHKGSTGLGFNIVGGEDGEGIFVSFILAGGPADLSGELQRGDQILSVNGIDLRGASHEQAAAALKGAGQTVTIIAQYQPEDYARFEAKIHETSV/VRMYTMI	2he2_b0_r4
examples/pdz/alignments/2he2_templates.tsv	SMEPRKVVLHKGSTGLGFNIVGGEDGEGIFVSFILAGGPADLSGELQRGDQILSVNGIDLRGASHEQAAAALKGAGQTVTIIAQYQPEDYARFEAKIHETSV/SAFMGSV	2he2_b0_r5
examples/pdz/alignments/2he2_templates.tsv	SMEPRKVVLHKGSTGLGFNIVGGEDGEGIFVSFILAGGPADLSGELQRGDQILSVNGIDLRGASHEQAAAALKGAGQTVTIIAQYQPEDYARFEAKIHETSV/PVSLCEE	2he2_b0_r6
examples/pdz/alignments/2he2_templates.tsv	SMEPRKVVLHKGSTGLGFNIVGGEDGEGIFVSFILAGGPADLSGELQRGDQILSVNGIDLRGASHEQAAAALKGAGQTVTIIAQYQPEDYARFEAKIHETSV/STALSVT	2he2_b0_r7
examples/pdz/alignments/2he2_templates.tsv	SMEPRKVVLHKGSTGLGFNIVGGEDGEGIFVSFILAGGPADLSGELQRGDQILSVNGIDLRGASHEQAAAALKGAGQTVTIIAQYQPEDYARFEAKIHETSV/AHRSIAQ	2he2_b0_r8
examples/pdz/alignments/2he2_templates.tsv	SMEPRKVVLHKGSTGLGFNIVGGEDGEGIFVSFILAGGPADLSGELQRGDQILSVNGIDLRGASHEQAAAALKGAGQTVTIIAQYQPEDYARFEAKIHETSV/YLRCMVF	2he2_b0_r9
examples/pdz/alignments/2fne_templates.tsv	LYFQSMPQCKSITLERGPDGLGFSIVGGYGSPHGDLPIYVKTVFAKGAASEDGRLKRGDQIIAVNGQSLEGVTHEEAVAILKRTKGTVTLMVLSSDETSV/LETDVPT	2fne_b0_r0
examples/pdz/alignments/2fne_templates.tsv	LYFQSMPQCKSITLERGPDGLGFSIVGGYGSPHGDLPIYVKTVFAKGAASEDGRLKRGDQIIAVNGQSLEGVTHEEAVAILKRTKGTVTLMVLSSDETSV/LYLARSV	2fne_b0_r1
examples/pdz/alignments/2fne_templates.tsv	LYFQSMPQCKSITLERGPDGLGFSIVGGYGSPHGDLPIYVKTVFAKGAASEDGRLKRGDQIIAVNGQSLEGVTHEEAVAILKRTKGTVTLMVLSSDETSV/ISHHYPR	2fne_b0_r2
examples/pdz/alignments/2fne_templates.tsv	LYFQSMPQCKSITLERGPDGLGFSIVGGYGSPHGDLPIYVKTVFAKGAASEDGRLKRGDQIIAVNGQSLEGVTHEEAVAILKRTKGTVTLMVLSSDETSV/TCGRSAS	2fne_b0_r3
examples/pdz/alignments/2fne_templates.tsv	LYFQSMPQCKSITLERGPDGLGFSIVGGYGSPHGDLPIYVKTVFAKGAASEDGRLKRGDQIIAVNGQSLEGVTHEEAVAILKRTKGTVTLMVLSSDETSV/LYGWMFL	2fne_b0_r4
examples/pdz/alignments/2fne_templates.tsv	LYFQSMPQCKSITLERGPDGLGFSIVGGYGSPHGDLPIYVKTVFAKGAASEDGRLKRGDQIIAVNGQSLEGVTHEEAVAILKRTKGTVTLMVLSSDETSV/TRSRSSY	2fne_b0_r5
examples/pdz/alignments/2fne_templates.tsv	LYFQSMPQCKSITLERGPDGLGFSIVGGYGSPHGDLPIYVKTVFAKGAASEDGRLKRGDQIIAVNGQSLEGVTHEEAVAILKRTKGTVTLMVLSSDETSV/HRVAFQD	2fne_b0_r6
examples/pdz/alignments/2fne_templates.tsv	LYFQSMPQCKSITLERGPDGLGFSIVGGYGSPHGDLPIYVKTVFAKGAASEDGRLKRGDQIIAVNGQSLEGVTHEEAVAILKRTKGTVTLMVLSSDETSV/RSAEGRP	2fne_b0_r7
examples/pdz/alignments/2fne_templates.tsv	LYFQSMPQCKSITLERGPDGLGFSIVGGYGSPHGDLPIYVKTVFAKGAASEDGRLKRGDQIIAVNGQSLEGVTHEEAVAILKRTKGTVTLMVLSSDETSV/GKCDLIR	2fne_b0_r8
examples/pdz/alignments/2fne_templates.tsv	LYFQSMPQCKSITLERGPDGLGFSIVGGYGSPHGDLPIYVKTVFAKGAASEDGRLKRGDQIIAVNGQSLEGVTHEEAVAILKRTKGTVTLMVLSSDETSV/GKFGSKW	2fne_b0_r9
examples/pdz/alignments/4q2o_templates.tsv	MPHSVTLRGPSPWGFRLVGGRDFSAPLTISRVHAGSKAALAALCPGDLIQAINGESTELMTHLEAQNRIKGCDHLTLSVSRPE/LQEKRR	4q2o_b0_r0
examples/pdz/alignments/4q2o_templates.tsv	MPHSVTLRGPSPWGFRLVGGRDFSAPLTISRVHAGSKAALAALCPGDLIQAINGESTELMTHLEAQNRIKGCDHLTLSVSRPE/LHGGHR	4q2o_b0_r1
examples/pdz/alignments/4q2o_templates.tsv	MPHSVTLRGPSPWGFRLVGGRDFSAPLTISRVHAGSKAALAALCPGDLIQAINGESTELMTHLEAQNRIKGCDHLTLSVSRPE/RHPWWP	4q2o_b0_r2
examples/pdz/alignments/4q2o_templates.tsv	MPHSVTLRGPSPWGFRLVGGRDFSAPLTISRVHAGSKAALAALCPGDLIQAINGESTELMTHLEAQNRIKGCDHLTLSVSRPE/NAVTKK	4q2o_b0_r3
examples/pdz/alignments/4q2o_templates.tsv	MPHSVTLRGPSPWGFRLVGGRDFSAPLTISRVHAGSKAALAALCPGDLIQAINGESTELMTHLEAQNRIKGCDHLTLSVSRPE/TWNVAR	4q2o_b0_r4
examples/pdz/alignments/4q2o_templates.tsv	MPHSVTLRGPSPWGFRLVGGRDFSAPLTISRVHAGSKAALAALCPGDLIQAINGESTELMTHLEAQNRIKGCDHLTLSVSRPE/ESSYMT	4q2o_b0_r5
examples/pdz/alignments/4q2o_templates.tsv	MPHSVTLRGPSPWGFRLVGGRDFSAPLTISRVHAGSKAALAALCPGDLIQAINGESTELMTHLEAQNRIKGCDHLTLSVSRPE/HRIPFD	4q2o_b0_r6
examples/pdz/alignments/4q2o_templates.tsv	MPHSVTLRGPSPWGFRLVGGRDFSAPLTISRVHAGSKAALAALCPGDLIQAINGESTELMTHLEAQNRIKGCDHLTLSVSRPE/PYVCSD	4q2o_b0_r7
examples/pdz/alignments/4q2o_templates.tsv	MPHSVTLRGPSPWGFRLVGGRDFSAPLTISRVHAGSKAALAALCPGDLIQAINGESTELMTHLEAQNRIKGCDHLTLSVSRPE/FRQQSA	4q2o_b0_r8
examples/pdz/alignments/4q2o_templates.tsv	MPHSVTLRGPSPWGFRLVGGRDFSAPLTISRVHAGSKAALAALCPGDLIQAINGESTELMTHLEAQNRIKGCDHLTLSVSRPE/SFSHRY	4q2o_b0_r9
examples/pdz/alignments/2iwp_templates.tsv	TENLYFQSMGLRTVEMKKGPTDSLGISIAGGVGSPLGDVPIFIAMMHPTGVAAQTQKLRVGDRIVTICGTSTEGMTHTQAVNLLKNASGSIEMQVVAGGDVSETSV/VTRGQSL	2iwp_b0_r0
examples/pdz/alignments/2iwp_templates.tsv	TENLYFQSMGLRTVEMKKGPTDSLGISIAGGVGSPLGDVPIFIAMMHPTGVAAQTQKLRVGDRIVTICGTSTEGMTHTQAVNLLKNASGSIEMQVVAGGDVSETSV/TPSVNAH	2iwp_b0_r1
examples/pdz/alignments/2iwp_templates.tsv	TENLYFQSMGLRTVEMKKGPTDSLGISIAGGVGSPLGDVPIFIAMMHPTGVAAQTQKLRVGDRIVTICGTSTEGMTHTQAVNLLKNASGSIEMQVVAGGDVSETSV/RAGAQWM	2iwp_b0_r2
examples/pdz/alignments/2iwp_templates.tsv	TENLYFQSMGLRTVEMKKGPTDSLGISIAGGVGSPLGDVPIFIAMMHPTGVAAQTQKLRVGDRIVTICGTSTEGMTHTQAVNLLKNASGSIEMQVVAGGDVSETSV/LGDFGTT	2iwp_b0_r3
examples/pdz/alignments/2iwp_templates.tsv	TENLYFQSMGLRTVEMKKGPTDSLGISIAGGVGSPLGDVPIFIAMMHPTGVAAQTQKLRVGDRIVTICGTSTEGMTHTQAVNLLKNASGSIEMQVVAGGDVSETSV/IDGAIGL	2iwp_b0_r4
examples/pdz/alignments/2iwp_templates.tsv	TENLYFQSMGLRTVEMKKGPTDSLGISIAGGVGSPLGDVPIFIAMMHPTGVAAQTQKLRVGDRIVTICGTSTEGMTHTQAVNLLKNASGSIEMQVVAGGDVSETSV/VRAWTRS	2iwp_b0_r5
examples/pdz/alignments/2iwp_templates.tsv	TENLYFQSMGLRTVEMKKGPTDSLGISIAGGVGSPLGDVPIFIAMMHPTGVAAQTQKLRVGDRIVTICGTSTEGMTHTQAVNLLKNASGSIEMQVVAGGDVSETSV/RTRERIY	2iwp_b0_r6
examples/pdz/alignments/2iwp_templates.tsv	TENLYFQSMGLRTVEMKKGPTDSLGISIAGGVGSPLGDVPIFIAMMHPTGVAAQTQKLRVGDRIVTICGTSTEGMTHTQAVNLLKNASGSIEMQVVAGGDVSETSV/AGSGPGQ	2iwp_b0_r7
examples/pdz/alignments/2iwp_templates.tsv	TENLYFQSMGLRTVEMKKGPTDSLGISIAGGVGSPLGDVPIFIAMMHPTGVAAQTQKLRVGDRIVTICGTSTEGMTHTQAVNLLKNASGSIEMQVVAGGDVSETSV/WRHKLEP	2iwp_b0_r8
examples/pdz/alignments/2iwp_templates.tsv	TENLYFQSMGLRTVEMKKGPTDSLGISIAGGVGSPLGDVPIFIAMMHPTGVAAQTQKLRVGDRIVTICGTSTEGMTHTQAVNLLKNASGSIEMQVVAGGDVSETSV/KCILIPS	2iwp_b0_r9
examples/pdz/alignments/2opg_templates.tsv	SMGCETTIEISKGRTGLGLSIVGGSDTLLGAIIIHEVYEEGAACKDGRLWAGDQILEVNGIDLRKATHDEAINVLRQTPQRVRLTLYRDEAPYKSTRL/WPESGHC	2opg_b0_r0
examples/pdz/alignments/2opg_templates.tsv	SMGCETTIEISKGRTGLGLSIVGGSDTLLGAIIIHEVYEEGAACKDGRLWAGDQILEVNGIDLRKATHDEAINVLRQTPQRVRLTLYRDEAPYKSTRL/GLVAKGL	2opg_b0_r1
examples/pdz/alignments/2opg_templates.tsv	SMGCETTIEISKGRTGLGLSIVGGSDTLLGAIIIHEVYEEGAACKDGRLWAGDQILEVNGIDLRKATHDEAINVLRQTPQRVRLTLYRDEAPYKSTRL/PVKLIVL	2opg_b0_r2
examples/pdz/alignments/2opg_templates.tsv	SMGCETTIEISKGRTGLGLSIVGGSDTLLGAIIIHEVYEEGAACKDGRLWAGDQILEVNGIDLRKATHDEAINVLRQTPQRVRLTLYRDEAPYKSTRL/FLVSVKS	2opg_b0_r3
examples/pdz/alignments/2opg_templates.tsv	SMGCETTIEISKGRTGLGLSIVGGSDTLLGAIIIHEVYEEGAACKDGRLWAGDQILEVNGIDLRKATHDEAINVLRQTPQRVRLTLYRDEAPYKSTRL/SYEACDR	2opg_b0_r4
examples/pdz/alignments/2opg_templates.tsv	SMGCETTIEISKGRTGLGLSIVGGSDTLLGAIIIHEVYEEGAACKDGRLWAGDQILEVNGIDLRKATHDEAINVLRQTPQRVRLTLYRDEAPYKSTRL/MWERNLG	2opg_b0_r5
examples/pdz/alignments/2opg_templates.tsv	SMGCETTIEISKGRTGLGLSIVGGSDTLLGAIIIHEVYEEGAACKDGRLWAGDQILEVNGIDLRKATHDEAINVLRQTPQRVRLTLYRDEAPYKSTRL/IMIAKCL	2opg_b0_r6
examples/pdz/alignments/2opg_templates.tsv	SMGCETTIEISKGRTGLGLSIVGGSDTLLGAIIIHEVYEEGAACKDGRLWAGDQILEVNGIDLRKATHDEAINVLRQTPQRVRLTLYRDEAPYKSTRL/NSGMYDW	2opg_b0_r7
examples/pdz/alignments/2opg_templates.tsv	SMGCETTIEISKGRTGLGLSIVGGSDTLLGAIIIHEVYEEGAACKDGRLWAGDQILEVNGIDLRKATHDEAINVLRQTPQRVRLTLYRDEAPYKSTRL/AGFLHNR	2opg_b0_r8
examples/pdz/alignments/2opg_templates.tsv	SMGCETTIEISKGRTGLGLSIVGGSDTLLGAIIIHEVYEEGAACKDGRLWAGDQILEVNGIDLRKATHDEAINVLRQTPQRVRLTLYRDEAPYKSTRL/YKPKDCA	2opg_b0_r9
examples/pdz/alignments/1kwa_templates.tsv	RSRLVQFQKNTDEPMGITLKMNELNHCIVARIMHGGMIHRQGTLHVGDEIREINGISVANQTVEQLQKMLREMRGSITFKIVPSYREF/RLSGGIY	1kwa_b0_r0
examples/pdz/alignments/1kwa_templates.tsv	RSRLVQFQKNTDEPMGITLKMNELNHCIVARIMHGGMIHRQGTLHVGDEIREINGISVANQTVEQLQKMLREMRGSITFKIVPSYREF/ELLMVGR	1kwa_b0_r1
examples/pdz/alignments/1kwa_templates.tsv	RSRLVQFQKNTDEPMGITLKMNELNHCIVARIMHGGMIHRQGTLHVGDEIREINGISVANQTVEQLQKMLREMRGSITFKIVPSYREF/ATKATNL	1kwa_b0_r2
examples/pdz/alignments/1kwa_templates.tsv	RSRLVQFQKNTDEPMGITLKMNELNHCIVARIMHGGMIHRQGTLHVGDEIREINGISVANQTVEQLQKMLREMRGSITFKIVPSYREF/DKHMRVP	1kwa_b0_r3
examples/pdz/alignments/1kwa_templates.tsv	RSRLVQFQKNTDEPMGITLKMNELNHCIVARIMHGGMIHRQGTLHVGDEIREINGISVANQTVEQLQKMLREMRGSITFKIVPSYREF/RTMTARS	1kwa_b0_r4
examples/pdz/alignments/1kwa_templates.tsv	RSRLVQFQKNTDEPMGITLKMNELNHCIVARIMHGGMIHRQGTLHVGDEIREINGISVANQTVEQLQKMLREMRGSITFKIVPSYREF/VWRSGSM	1kwa_b0_r5
examples/pdz/alignments/1kwa_templates.tsv	RSRLVQFQKNTDEPMGITLKMNELNHCIVARIMHGGMIHRQGTLHVGDEIREINGISVANQTVEQLQKMLREMRGSITFKIVPSYREF/RWAGSAH	1kwa_b0_r6
examples/pdz/alignments/1kwa_templates.tsv	RSRLVQFQKNTDEPMGITLKMNELNHCIVARIMHGGMIHRQGTLHVGDEIREINGISVANQTVEQLQKMLREMRGSITFKIVPSYREF/STPVLPR	1kwa_b0_r7
examples/pdz/alignments/1kwa_templates.tsv	RSRLVQFQKNTDEPMGITLKMNELNHCIVARIMHGGMIHRQGTLHVGDEIREINGISVANQTVEQLQKMLREMRGSITFKIVPSYREF/KSTRILH	1kwa_b0_r8
examples/pdz/alignments/1kwa_templates.tsv	RSRLVQFQKNTDEPMGITLKMNELNHCIVARIMHGGMIHRQGTLHVGDEIREINGISVANQTVEQLQKMLREMRGSITFKIVPSYREF/GRHSRNN	1kwa_b0_r9
examples/pdz/alignments/2i0i_templates.tsv	EPRKVVLHRGSTGLGFNIVGGEDGEGIFISFILAGGPADLSGELRKGDRIISVNSVDLRAASHEQAAAALKNAGQAVTIVA/ISVLDS	2i0i_b0_r0
examples/pdz/alignments/2i0i_templates.tsv	EPRKVVLHRGSTGLGFNIVGGEDGEGIFISFILAGGPADLSGELRKGDRIISVNSVDLRAASHEQAAAALKNAGQAVTIVA/IHFPRQ	2i0i_b0_r1
examples/pdz/alignments/2i0i_templates.tsv	EPRKVVLHRGSTGLGFNIVGGEDGEGIFISFILAGGPADLSGELRKGDRIISVNSVDLRAASHEQAAAALKNAGQAVTIVA/APEGGS	2i0i_b0_r2
examples/pdz/alignments/2i0i_templates.tsv	EPRKVVLHRGSTGLGFNIVGGEDGEGIFISFILAGGPADLSGELRKGDRIISVNSVDLRAASHEQAAAALKNAGQAVTIVA/FVGILD	2i0i_b0_r3
examples/pdz/alignments/2i0i_templates.tsv	EPRKVVLHRGSTGLGFNIVGGEDGEGIFISFILAGGPADLSGELRKGDRIISVNSVDLRAASHEQAAAALKNAGQAVTIVA/VSTPET	2i0i_b0_r4
examples/pdz/alignments/2i0i_templates.tsv	EPRKVVLHRGSTGLGFNIVGGEDGEGIFISFILAGGPADLSGELRKGDRIISVNSVDLRAASHEQAAAALKNAGQAVTIVA/INGPSP	2i0i_b0_r5
examples/pdz/alignments/2i0i_templates.tsv	EPRKVVLHRGSTGLGFNIVGGEDGEGIFISFILAGGPADLSGELRKGDRIISVNSVDLRAASHEQAAAALKNAGQAVTIVA/IPQYWR	2i0i_b0_r6
examples/pdz/alignments/2i0i_templates.tsv	EPRKVVLHRGSTGLGFNIVGGEDGEGIFISFILAGGPADLSGELRKGDRIISVNSVDLRAASHEQAAAALKNAGQAVTIVA/ETRVTP	2i0i_b0_r7
examples/pdz/alignments/2i0i_templates.tsv	EPRKVVLHRGSTGLGFNIVGGEDGEGIFISFILAGGPADLSGELRKGDRIISVNSVDLRAASHEQAAAALKNAGQAVTIVA/SPGGWY	2i0i_b0_r8
examples/pdz/alignments/2i0i_templates.tsv	EPRKVVLHRGSTGLGFNIVGGEDGEGIFISFILAGGPADLSGELRKGDRIISVNSVDLRAASHEQAAAALKNAGQAVTIVA/TWTTRR	2i0i_b0_r9
examples/pdz/alignments/1l6o_templates.tsv	MIITVTLNMEKYNFLGISIVGQSNERGDGGIYIGSIMKGGAVAADGRIEPGDMLLQVNDINFENMSNDDAVRVLRDIVHKPGPIVLTVAKLEHHH/SVPRLER	1l6o_b0_r0
examples/pdz/alignments/1l6o_templates.tsv	MIITVTLNMEKYNFLGISIVGQSNERGDGGIYIGSIMKGGAVAADGRIEPGDMLLQVNDINFENMSNDDAVRVLRDIVHKPGPIVLTVAKLEHHH/GVGSHHS	1l6o_b0_r1
examples/pdz/alignments/1l6o_templates.tsv	MIITVTLNMEKYNFLGISIVGQSNERGDGGIYIGSIMKGGAVAADGRIEPGDMLLQVNDINFENMSNDDAVRVLRDIVHKPGPIVLTVAKLEHHH/RLVEAAV	1l6o_b0_r2
examples/pdz/alignments/1l6o_templates.tsv	MIITVTLNMEKYNFLGISIVGQSNERGDGGIYIGSIMKGGAVAADGRIEPGDMLLQVNDINFENMSNDDAVRVLRDIVHKPGPIVLTVAKLEHHH/IRKNGNQ	1l6o_b0_r3
examples/pdz/alignments/1l6o_templates.tsv	MIITVTLNMEKYNFLGISIVGQSNERGDGGIYIGSIMKGGAVAADGRIEPGDMLLQVNDINFENMSNDDAVRVLRDIVHKPGPIVLTVAKLEHHH/DTQVKLP	1l6o_b0_r4
examples/pdz/alignments/1l6o_templates.tsv	MIITVTLNMEKYNFLGISIVGQSNERGDGGIYIGSIMKGGAVAADGRIEPGDMLLQVNDINFENMSNDDAVRVLRDIVHKPGPIVLTVAKLEHHH/RQLAFRK	1l6o_b0_r5
examples/pdz/alignments/1l6o_templates.tsv	MIITVTLNMEKYNFLGISIVGQSNERGDGGIYIGSIMKGGAVAADGRIEPGDMLLQVNDINFENMSNDDAVRVLRDIVHKPGPIVLTVAKLEHHH/RTRSRRV	1l6o_b0_r6
examples/pdz/alignments/1l6o_templates.tsv	MIITVTLNMEKYNFLGISIVGQSNERGDGGIYIGSIMKGGAVAADGRIEPGDMLLQVNDINFENMSNDDAVRVLRDIVHKPGPIVLTVAKLEHHH/LSGGNAV	1l6o_b0_r7
examples/pdz/alignments/1l6o_templates.tsv	MIITVTLNMEKYNFLGISIVGQSNERGDGGIYIGSIMKGGAVAADGRIEPGDMLLQVNDINFENMSNDDAVRVLRDIVHKPGPIVLTVAKLEHHH/KLRIPLL	1l6o_b0_r8
examples/pdz/alignments/1l6o_templates.tsv	MIITVTLNMEKYNFLGISIVGQSNERGDGGIYIGSIMKGGAVAADGRIEPGDMLLQVNDINFENMSNDDAVRVLRDIVHKPGPIVLTVAKLEHHH/LCVTLRR	1l6o_b0_r9
examples/pdz/alignments/2ain_templates.tsv	MKEPEIITVTLKKQNGMGLSIVAAKGAGQDKLGIYVKSVVKGGAADVDGRLAAGDQLLSVDGRSLVGLSQERAAELMTRTSSVVTLEVAKQGA/GPKWHL	2ain_b0_r0
examples/pdz/alignments/2ain_templates.tsv	MKEPEIITVTLKKQNGMGLSIVAAKGAGQDKLGIYVKSVVKGGAADVDGRLAAGDQLLSVDGRSLVGLSQERAAELMTRTSSVVTLEVAKQGA/VLPTLS	2ain_b0_r1
examples/pdz/alignments/2ain_templates.tsv	MKEPEIITVTLKKQNGMGLSIVAAKGAGQDKLGIYVKSVVKGGAADVDGRLAAGDQLLSVDGRSLVGLSQERAAELMTRTSSVVTLEVAKQGA/SFNPAE	2ain_b0_r2
examples/pdz/alignments/2ain_templates.tsv	MKEPEIITVTLKKQNGMGLSIVAAKGAGQDKLGIYVKSVVKGGAADVDGRLAAGDQLLSVDGRSLVGLSQERAAELMTRTSSVVTLEVAKQGA/SIQPLP	2ain_b0_r3
examples/pdz/alignments/2ain_templates.tsv	MKEPEIITVTLKKQNGMGLSIVAAKGAGQDKLGIYVKSVVKGGAADVDGRLAAGDQLLSVDGRSLVGLSQERAAELMTRTSSVVTLEVAKQGA/STSRCT	2ain_b0_r4
examples/pdz/alignments/2ain_templates.tsv	MKEPEIITVTLKKQNGMGLSIVAAKGAGQDKLGIYVKSVVKGGAADVDGRLAAGDQLLSVDGRSLVGLSQERAAELMTRTSSVVTLEVAKQGA/DVSELR	2ain_b0_r5
examples/pdz/alignments/2ain_templates.tsv	MKEPEIITVTLKKQNGMGLSIVAAKGAGQDKLGIYVKSVVKGGAADVDGRLAAGDQLLSVDGRSLVGLSQERAAELMTRTSSVVTLEVAKQGA/HDLQGP	2ain_b0_r6
examples/pdz/alignments/2ain_templates.tsv	MKEPEIITVTLKKQNGMGLSIVAAKGAGQDKLGIYVKSVVKGGAADVDGRLAAGDQLLSVDGRSLVGLSQERAAELMTRTSSVVTLEVAKQGA/VHLRPP	2ain_b0_r7
examples/pdz/alignments/2ain_templates.tsv	MKEPEIITVTLKKQNGMGLSIVAAKGAGQDKLGIYVKSVVKGGAADVDGRLAAGDQLLSVDGRSLVGLSQERAAELMTRTSSVVTLEVAKQGA/HLSIQD	2ain_b0_r8
examples/pdz/alignments/2ain_templates.tsv	MKEPEIITVTLKKQNGMGLSIVAAKGAGQDKLGIYVKSVVKGGAADVDGRLAAGDQLLSVDGRSLVGLSQERAAELMTRTSSVVTLEVAKQGA/IWRHCL	2ain_b0_r9
examples/pdz/alignments/1d5g_templates.tsv	PKPGDIFEVELAKNDNSLGISVTGGVNTSVRHGGIYVKAVIPQGAAESDGRIHKGDRVLAVNGVSLEGATHKQAVETLRNTGQVVHLLLEKGQSPT/CTRIMSE	1d5g_b0_r0
examples/pdz/alignments/1d5g_templates.tsv	PKPGDIFEVELAKNDNSLGISVTGGVNTSVRHGGIYVKAVIPQGAAESDGRIHKGDRVLAVNGVSLEGATHKQAVETLRNTGQVVHLLLEKGQSPT/RRWFPHA	1d5g_b0_r1
examples/pdz/alignments/1d5g_templates.tsv	PKPGDIFEVELAKNDNSLGISVTGGVNTSVRHGGIYVKAVIPQGAAESDGRIHKGDRVLAVNGVSLEGATHKQAVETLRNTGQVVHLLLEKGQSPT/NGRTLTY	1d5g_b0_r2
examples/pdz/alignments/1d5g_templates.tsv	PKPGDIFEVELAKNDNSLGISVTGGVNTSVRHGGIYVKAVIPQGAAESDGRIHKGDRVLAVNGVSLEGATHKQAVETLRNTGQVVHLLLEKGQSPT/RGWLRRL	1d5g_b0_r3
examples/pdz/alignments/1d5g_templates.tsv	PKPGDIFEVELAKNDNSLGISVTGGVNTSVRHGGIYVKAVIPQGAAESDGRIHKGDRVLAVNGVSLEGATHKQAVETLRNTGQVVHLLLEKGQSPT/SKFHGGF	1d5g_b0_r4
examples/pdz/alignments/1d5g_templates.tsv	PKPGDIFEVELAKNDNSLGISVTGGVNTSVRHGGIYVKAVIPQGAAESDGRIHKGDRVLAVNGVSLEGATHKQAVETLRNTGQVVHLLLEKGQSPT/VATHSRS	1d5g_b0_r5
examples/pdz/alignments/1d5g_templates.tsv	PKPGDIFEVELAKNDNSLGISVTGGVNTSVRHGGIYVKAVIPQGAAESDGRIHKGDRVLAVNGVSLEGATHKQAVETLRNTGQVVHLLLEKGQSPT/PRGLTRR	1d5g_b0_r6
examples/pdz/alignments/1d5g_templates.tsv	PKPGDIFEVELAKNDNSLGISVTGGVNTSVRHGGIYVKAVIPQGAAESDGRIHKGDRVLAVNGVSLEGATHKQAVETLRNTGQVVHLLLEKGQSPT/VCSGETT	1d5g_b0_r7
examples/pdz/alignments/1d5g_templates.tsv	PKPGDIFEVELAKNDNSLGISVTGGVNTSVRHGGIYVKAVIPQGAAESDGRIHKGDRVLAVNGVSLEGATHKQAVETLRNTGQVVHLLLEKGQSPT/CYPMQPG	1d5g_b0_r8
examples/pdz/alignments/1d5g_templates.tsv	PKPGDIFEVELAKNDNSLGISVTGGVNTSVRHGGIYVKAVIPQGAAESDGRIHKGDRVLAVNGVSLEGATHKQAVETLRNTGQVVHLLLEKGQSPT/WGDAYPK	1d5g_b0_r9
examples/pdz/alignments/1qav_templates.tsv	GSLQRRRVTVRKADAGGLGISIKGGRENKMPILISKIFKGLAADQTEALFVGDAILSVNGEDLSSATHDEAVQALKKTGKEVVLEVKYMK/AMDKSMM	1qav_b0_r0
examples/pdz/alignments/1qav_templates.tsv	GSLQRRRVTVRKADAGGLGISIKGGRENKMPILISKIFKGLAADQTEALFVGDAILSVNGEDLSSATHDEAVQALKKTGKEVVLEVKYMK/HRSTNHR	1qav_b0_r1
examples/pdz/alignments/1qav_templates.tsv	GSLQRRRVTVRKADAGGLGISIKGGRENKMPILISKIFKGLAADQTEALFVGDAILSVNGEDLSSATHDEAVQALKKTGKEVVLEVKYMK/RLKIGTR	1qav_b0_r2
examples/pdz/alignments/1qav_templates.tsv	GSLQRRRVTVRKADAGGLGISIKGGRENKMPILISKIFKGLAADQTEALFVGDAILSVNGEDLSSATHDEAVQALKKTGKEVVLEVKYMK/WVLPNGR	1qav_b0_r3
examples/pdz/alignments/1qav_templates.tsv	GSLQRRRVTVRKADAGGLGISIKGGRENKMPILISKIFKGLAADQTEALFVGDAILSVNGEDLSSATHDEAVQALKKTGKEVVLEVKYMK/HSSSIVL	1qav_b0_r4
examples/pdz/alignments/1qav_templates.tsv	GSLQRRRVTVRKADAGGLGISIKGGRENKMPILISKIFKGLAADQTEALFVGDAILSVNGEDLSSATHDEAVQALKKTGKEVVLEVKYMK/RRTMIGE	1qav_b0_r5
examples/pdz/alignments/1qav_templates.tsv	GSLQRRRVTVRKADAGGLGISIKGGRENKMPILISKIFKGLAADQTEALFVGDAILSVNGEDLSSATHDEAVQALKKTGKEVVLEVKYMK/TSTTCFT	1qav_b0_r6
examples/pdz/alignments/1qav_templates.tsv	GSLQRRRVTVRKADAGGLGISIKGGRENKMPILISKIFKGLAADQTEALFVGDAILSVNGEDLSSATHDEAVQALKKTGKEVVLEVKYMK/FAEDTSL	1qav_b0_r7
examples/pdz/alignments/1qav_templates.tsv	GSLQRRRVTVRKADAGGLGISIKGGRENKMPILISKIFKGLAADQTEALFVGDAILSVNGEDLSSATHDEAVQALKKTGKEVVLEVKYMK/VARYYGL	1qav_b0_r8
examples/pdz/alignments/1qav_templates.tsv	GSLQRRRVTVRKADAGGLGISIKGGRENKMPILISKIFKGLAADQTEALFVGDAILSVNGEDLSSATHDEAVQALKKTGKEVVLEVKYMK/STDSQAR	1qav_b0_r9
examples/pdz/alignments/2iwq_templates.tsv	MQPRRVELWREPSKSLGISIVGGREVMRGIFIKHVLEDSPAGKNGTLKPGDRIVEVDGMDLRDASHEQAVEAIRKAGNPVVFMVQSIISTRL/RMRRCSS	2iwq_b0_r0
examples/pdz/alignments/2iwq_templates.tsv	MQPRRVELWREPSKSLGISIVGGREVMRGIFIKHVLEDSPAGKNGTLKPGDRIVEVDGMDLRDASHEQAVEAIRKAGNPVVFMVQSIISTRL/TLVGVWL	2iwq_b0_r1
examples/pdz/alignments/2iwq_templates.tsv	MQPRRVELWREPSKSLGISIVGGREVMRGIFIKHVLEDSPAGKNGTLKPGDRIVEVDGMDLRDASHEQAVEAIRKAGNPVVFMVQSIISTRL/AHSRQMV	2iwq_b0_r2
examples/pdz/alignments/2iwq_templates.tsv	MQPRRVELWREPSKSLGISIVGGREVMRGIFIKHVLEDSPAGKNGTLKPGDRIVEVDGMDLRDASHEQAVEAIRKAGNPVVFMVQSIISTRL/DWPKTIP	2iwq_b0_r3
examples/pdz/alignments/2iwq_templates.tsv	MQPRRVELWREPSKSLGISIVGGREVMRGIFIKHVLEDSPAGKNGTLKPGDRIVEVDGMDLRDASHEQAVEAIRKAGNPVVFMVQSIISTRL/RCYSPAM	2iwq_b0_r4
examples/pdz/alignments/2iwq_templates.tsv	MQPRRVELWREPSKSLGISIVGGREVMRGIFIKHVLEDSPAGKNGTLKPGDRIVEVDGMDLRDASHEQAVEAIRKAGNPVVFMVQSIISTRL/REGVVLF	2iwq_b0_r5
examples/pdz/alignments/2iwq_templates.tsv	MQPRRVELWREPSKSLGISIVGGREVMRGIFIKHVLEDSPAGKNGTLKPGDRIVEVDGMDLRDASHEQAVEAIRKAGNPVVFMVQSIISTRL/KDTHNHH	2iwq_b0_r6
examples/pdz/alignments/2iwq_templates.tsv	MQPRRVELWREPSKSLGISIVGGREVMRGIFIKHVLEDSPAGKNGTLKPGDRIVEVDGMDLRDASHEQAVEAIRKAGNPVVFMVQSIISTRL/APAYSVR	2iwq_b0_r7
examples/pdz/alignments/2iwq_templates.tsv	MQPRRVELWREPSKSLGISIVGGREVMRGIFIKHVLEDSPAGKNGTLKPGDRIVEVDGMDLRDASHEQAVEAIRKAGNPVVFMVQSIISTRL/WSHPCFG	2iwq_b0_r8
examples/pdz/alignments/2iwq_templates.tsv	MQPRRVELWREPSKSLGISIVGGREVMRGIFIKHVLEDSPAGKNGTLKPGDRIVEVDGMDLRDASHEQAVEAIRKAGNPVVFMVQSIISTRL/PGQSPAR	2iwq_b0_r9
